BV号,出现时间,弹幕类型,字的大小,颜色,上传时间,uid,弹幕内容
BV1i34112729,83.83500,1,25,0xFFFFFF,2021-10-9,26d63971,月亮姐姐唱歌属于专业对口
BV1i34112729,30.18500,1,25,0xFFFFFF,2021-10-4,a519928,月亮姐姐！！！
BV1i34112729,26.87700,1,25,0xFFFFFF,2021-10-4,d624f655,苏轼中秋快乐 少吃点月饼
BV1i34112729,102.73800,1,25,0xFFFFFF,2021-10-2,4adf0f2c,月亮姐姐真的太漂亮了啊
BV1i34112729,31.10100,1,25,0xFFFFFF,2021-10-2,4adf0f2c,月亮姐姐好漂亮啊
BV1i34112729,37.03900,1,25,0xFFFFFF,2021-10-1,1598ca40,哈哈哈有点可爱
BV1i34112729,130.78200,1,25,0xFFFFFF,2021-9-29,8834852a,怎么听到“冰头月饼组合”？
BV1i34112729,46.51900,1,25,0xFFFFFF,2021-9-27,9ffb5903,背景哈哈哈哈哈哈哈哈哈哈
BV1i34112729,39.65400,1,25,0xFFFFFF,2021-9-26,74806db5,呜呜呜月亮姐姐都老了
BV1i34112729,55.18600,1,25,0xFFFFFF,2021-9-24,496175a9,词是苏轼的《水调歌头》
BV1i34112729,78.51900,1,25,0xFFFFFF,2021-9-24,455ce09c,苏轼写的歌词（dog）
BV1i34112729,47.38300,1,25,0xFFFFFF,2021-9-23,1f620c5d,百万调音（doge）
BV1i34112729,35.81700,1,25,0xFFFFFF,2021-9-23,6ea2f868,冰冰唱歌啦！！！
BV1i34112729,57.43300,1,25,0xFFFFFF,2021-9-23,cd35696a,手办考虑一下
BV1i34112729,42.59100,1,25,0xFFFFFF,2021-9-23,49fe5a11,冰冰中秋快乐
BV1i34112729,13.24200,1,25,0xFFFFFF,2021-9-23,ec7ee54c,她还是那么爱吃月饼
BV1i34112729,55.43800,1,25,0xFFFFFF,2021-9-23,8f2a0df7,鸽子在人间
BV1i34112729,110.18500,1,25,0xFFFFFF,2021-9-23,6cef996f,月亮姐姐厉害了
BV1i34112729,103.90700,1,25,0x89D5FF,2021-9-23,bc7047c0,是小玉兔冰冰
BV1i34112729,114.53900,1,25,0xFFFFFF,2021-9-23,b87fe9d4,冰冰成挂件了
BV1i34112729,18.89900,1,25,0xFFFFFF,2021-9-22,e2fe6f3,月亮姐姐太应景
BV1i34112729,131.13400,1,25,0xFFFFFF,2021-9-22,5c62513f,果然是大头冰冰我的冰宝儿
BV1i34112729,44.58300,5,25,0xFEF102,2021-9-22,9b7f8a60,冰冰的眼睛怎么会有这么大
BV1i34112729,5.01900,1,25,0xFFFFFF,2021-9-22,7222b770,中秋快乐
BV1i34112729,63.50800,1,25,0xFFFFFF,2021-9-22,d724fa47,歌词谁写的，太牛了吧
BV1i34112729,67.48500,1,25,0xFFFFFF,2021-9-22,4c0721a6,中秋快乐
BV1i34112729,12.74500,1,25,0xFFFFFF,2021-9-22,2c203817,月亮姐姐！！！
BV1i34112729,79.41000,1,25,0xFFFFFF,2021-9-22,a025b8f0,月亮姐姐唱歌真好！
BV1i34112729,6.91500,1,25,0xFFFFFF,2021-9-22,f6106e5b,中秋佳节
BV1i34112729,38.11300,1,25,0xFFFFFF,2021-9-22,e6246f3,中秋快乐
BV1i34112729,53.06900,1,25,0xFFFFFF,2021-9-22,9926e046,冰皮月饼
BV1i34112729,125.20200,1,25,0xFFFFFF,2021-9-22,d91a8fe,查干湖在逃胖头鱼公主
BV1i34112729,14.15500,1,25,0xFFFFFF,2021-9-22,dc3eefe4,月亮姐姐还是那么年轻
BV1i34112729,124.51900,1,25,0xFFFFFF,2021-9-22,2462c703,月亮姐姐带不动了哈哈哈哈哈
BV1i34112729,46.05900,1,25,0xFFFFFF,2021-9-22,2462c703,高下立判哈哈哈哈哈哈哈
BV1i34112729,19.64000,1,25,0xFFFFFF,2021-9-22,89d58ac5,天呐！！！冰皮月饼！！！
BV1i34112729,23.25900,5,25,0xE70012,2021-9-22,cf57d0a5,中秋节快乐
BV1i34112729,59.58000,5,25,0xE70012,2021-9-21,ee365647,她还是那么爱笑
BV1i34112729,47.54200,1,25,0xFFFFFF,2021-9-21,156064f7,这是长胡子了么【doge】
BV1i34112729,23.76200,5,25,0x00A0EA,2021-9-21,3ae2ecac,你遥远如萤火，是世间所有传说
BV1i34112729,48.13900,1,25,0xFFFFFF,2021-9-21,f43cc8d,哈哈哈哈哈哈哈，辛苦调音师了
BV1i34112729,24.34700,1,25,0xFFFFFF,2021-9-21,5417c898,中秋节快乐天天开心
BV1i34112729,86.29900,1,25,0xFFFFFF,2021-9-21,f9e13e0,月亮姐姐还是我小时候看到的样子呐
BV1i34112729,49.12900,1,25,0xFFFFFF,2021-9-21,16710a95,调音师这不得涨工资
BV1i34112729,76.70200,1,25,0x84C0CB,2021-9-21,f857ced0,月亮姐姐唱得好好听！！
BV1i34112729,66.33600,1,25,0xFEF102,2021-9-21,5ddd9b0b,中秋节快乐
BV1i34112729,64.03900,1,25,0xFFFFFF,2021-9-21,16c2a2a8,海上生明月，天涯共此时
BV1i34112729,67.45900,1,25,0xE70012,2021-9-21,76904e6b,真的快乐了，中秋快乐！！！
BV1i34112729,93.58300,1,25,0xFFFFFF,2021-9-21,28fe5077,月亮姐姐还是这么漂亮
BV1i34112729,55.44000,1,25,0xFFFFFF,2021-9-21,f84f2b18,哈哈哈大头特写
BV1i34112729,51.17900,1,25,0xFFFFFF,2021-10-7,440123c3,中秋快乐
BV1i34112729,58.00300,1,25,0xFFFFFF,2021-10-3,bf9ac8a3,中秋节快乐
BV1i34112729,119.32500,1,25,0xFFFFFF,2021-10-2,c509e471,月亮姐姐！！！！
BV1i34112729,55.65900,1,25,0xFFFFFF,2021-9-26,cc088e0,中秋快乐
BV1i34112729,92.54000,1,25,0xFFFFFF,2021-9-25,5de8fd7d,月亮姐姐唱的好棒
BV1i34112729,14.03900,1,25,0xFFFFFF,2021-9-25,127d9394,月亮姐姐！！
BV1i34112729,21.39100,1,25,0xFFFFFF,2021-9-24,e80a393b,中秋快乐
BV1i34112729,106.74900,1,25,0xFFFFFF,2021-9-24,496175a9,中秋节快乐
BV1i34112729,4.07300,1,25,0xFFFFFF,2021-9-24,90edc286,冰冰中秋节快乐
BV1i34112729,52.06500,1,25,0xFFFFFF,2021-9-23,da676cf2,中秋快乐
BV1i34112729,17.15800,1,25,0xFFFFFF,2021-9-23,d1b42280,月亮姐姐！！！
BV1i34112729,49.44700,1,25,0xFFFFFF,2021-9-23,9f98a80b,中秋节快乐
BV1i34112729,85.42500,1,25,0xFFFFFF,2021-9-23,56d3e73c,中秋节配月亮姐姐yyds
BV1i34112729,62.55500,1,25,0xFFFFFF,2021-9-22,790f67a9,中秋快乐
BV1i34112729,58.51500,1,25,0xFFFFFF,2021-9-22,139b0fe,哈哈哈哈哈哈哈哈姐
BV1i34112729,89.64000,1,25,0xFEF102,2021-9-22,5ddd9b0b,中秋节快乐
BV1i34112729,78.01900,1,25,0xFFFFFF,2021-9-22,162c665d, 中秋节快乐
BV1i34112729,77.99500,1,25,0xFFFFFF,2021-9-22,33cf972f,中秋节快乐
BV1i34112729,41.75000,1,25,0xFFFFFF,2021-9-22,65f23b23,中秋快乐
BV1i34112729,45.54500,1,25,0xFFFFFF,2021-9-22,367550ae,中秋节快乐
BV1i34112729,52.37000,1,25,0xFFFFFF,2021-9-22,c7ffc99b,好好听！！！！！！！！！
BV1i34112729,133.62500,1,25,0xFFFFFF,2021-9-22,520c5091,中秋快乐
BV1i34112729,39.74800,1,25,0xFFFFFF,2021-9-22,211152b9,中秋节快乐
BV1i34112729,88.72400,1,25,0xFFFFFF,2021-9-22,3702d3ef,月亮姐姐唱的好
BV1i34112729,68.51900,1,25,0xFFFFFF,2021-9-22,8a9cefa2,中秋快乐
BV1i34112729,95.61900,1,25,0xFFFFFF,2021-9-22,cc7b3b2e,中秋快乐
BV1i34112729,65.58900,1,25,0xFFFFFF,2021-9-21,f508821e,中秋快乐
BV1i34112729,68.19400,1,25,0xFFFFFF,2021-9-21,36dfe964,中秋节快乐
BV1i34112729,74.66300,1,25,0xFFFFFF,2021-9-21,3f3ae671,中秋快乐
BV1i34112729,68.57900,1,25,0xFFFFFF,2021-9-21,50121018,中秋快乐
BV1i34112729,65.23900,1,25,0xFFFFFF,2021-9-21,50121018,中秋快乐
BV1i34112729,100.65400,1,25,0xFFFFFF,2021-9-21,577033e7,中秋快乐
BV1i34112729,54.08100,1,25,0xFFFFFF,2021-9-21,5eb29e18,中秋节快乐
BV1i34112729,33.83800,1,25,0xFFFFFF,2021-9-21,298a6a11,冰冰给我唱歌了！
BV1i34112729,57.07300,1,25,0xFFFFFF,2021-9-21,a9beedcf,中秋节快乐
BV1i34112729,129.98300,1,25,0xFFFFFF,2021-9-21,4f8c1c01,中秋快乐
BV1i34112729,61.93400,1,25,0xFFFFFF,2021-9-21,8169fd5a,中秋节快乐
BV1i34112729,43.21900,1,25,0xFFFFFF,2021-9-21,4eaf9e1f,中秋节快乐
BV1i34112729,86.07800,1,25,0xFFFFFF,2021-10-4,a519928,童年女神呜呜呜呜
BV1i34112729,46.35300,1,25,0xFFFFFF,2021-10-3,3818fff3,中秋节快乐
BV1i34112729,37.73900,1,25,0xFFFFFF,2021-10-1,d933e705,中秋节快乐
BV1i34112729,19.59900,1,25,0xFFFFFF,2021-9-25,5de8fd7d,中秋快乐
BV1i34112729,100.11900,1,25,0xFFFFFF,2021-9-24,657c4a39,中秋快乐
BV1i34112729,45.03200,1,25,0xFFFFFF,2021-9-23,820210e9,中秋快乐
BV1i34112729,5.26600,1,25,0xFEF102,2021-9-23,1c288eee,有生之年
BV1i34112729,63.70600,1,25,0xFFFFFF,2021-9-22,4a3fc71a,中秋节快乐
BV1i34112729,53.81900,1,25,0xFFFFFF,2021-9-22,3aa29475,中秋快乐
BV1i34112729,17.55900,1,25,0xFFFFFF,2021-9-22,d69be894,中秋快乐
BV1i34112729,47.09900,1,25,0xFFFFFF,2021-9-22,d2c66472,中秋快乐
BV1i34112729,5.11900,1,25,0xFFFFFF,2021-9-22,236c2202,中秋节快乐
BV1i34112729,82.26300,1,25,0xFFFFFF,2021-9-22,53b5a61,月亮姐姐啊啊啊啊啊啊啊
BV1i34112729,72.78700,1,25,0xFFFFFF,2021-9-22,d8345c41,中秋节快乐
BV1i34112729,9.47100,1,25,0xFFFFFF,2021-9-22,62b1de31,中秋节快乐
BV1i34112729,6.69900,1,25,0xFFFFFF,2021-9-22,9aded4f0,中秋节快乐
BV1i34112729,47.43500,1,25,0xFFFFFF,2021-9-22,b58e7e17,中秋节快乐
BV1i34112729,59.06600,1,25,0xFFFFFF,2021-9-22,bf151d1e,中秋节快乐
BV1i34112729,48.41800,1,25,0xFFFFFF,2021-9-21,bd7791e5,中秋节快乐！
BV1i34112729,63.63500,1,25,0xFFFFFF,2021-9-21,8df14275,中秋节快乐
BV1i34112729,79.16500,1,25,0xFFFFFF,2021-9-21,4e7a98f1,中秋快乐
BV1i34112729,57.09800,1,25,0xFFFFFF,2021-9-21,a11ada0a,中秋节快乐
BV1i34112729,19.72400,1,25,0xFFFFFF,2021-9-21,5c81dd0b,中秋节快乐
BV1i34112729,102.35100,1,25,0xFFFFFF,2021-9-21,dce54ff2,中秋快乐
BV1i34112729,21.69900,1,25,0xFFFFFF,2021-9-21,6dbedc0b,中秋节快乐
BV1i34112729,17.59900,1,25,0xFFFFFF,2021-9-21,a4a0436e,中秋节快乐
BV1i34112729,51.21100,1,25,0xFFFFFF,2021-9-21,e312d0d7,中秋节快乐
BV1i34112729,86.05900,1,25,0xFFFFFF,2021-9-21,fb7007d9,中秋快乐
BV1i34112729,105.43900,1,25,0xFFFFFF,2021-9-21,62bebd8a,月亮姐姐~~~
BV1i34112729,127.37400,1,25,0xFFFFFF,2021-9-21,923574e9,中秋快乐
BV1i34112729,121.60200,1,25,0xFFFFFF,2021-9-21,923574e9,中秋快乐
BV1i34112729,115.62800,1,25,0xFFFFFF,2021-9-21,aae8c495,中秋快乐
BV1i34112729,59.02700,1,25,0xFFFFFF,2021-9-21,4efebe65,中秋节快乐
BV1i34112729,8.69900,1,25,0xFFFFFF,2021-9-21,ca5b44dd,中秋节快乐
BV1i34112729,92.20400,1,25,0xFFFFFF,2021-9-21,7b6c277e,中秋快乐
BV1i34112729,64.68600,1,25,0xFFFFFF,2021-9-21,15b01758,中秋节快乐
BV1i34112729,42.77400,1,25,0xFFFFFF,2021-9-21,577033e7,中秋节快乐
BV1i34112729,51.74700,1,25,0xFFFFFF,2021-9-21,695da151,中秋节快乐
BV1i34112729,59.39900,1,25,0xFFFFFF,2021-9-21,d99a0ac2,中秋节快乐
BV1i34112729,53.46700,1,25,0xFFFFFF,2021-9-21,c2272efb,中秋节快乐
BV1i34112729,72.09900,1,25,0xFFFFFF,2021-9-21,afcc5a62,中秋快乐
BV1i34112729,32.23200,1,25,0xFFFFFF,2021-9-21,bc751924,中秋节快乐
BV1i34112729,54.07600,1,25,0xFFFFFF,2021-9-21,5caabcda,中秋节快乐
BV1i34112729,129.16800,1,25,0xFFFFFF,2021-9-29,b2e406a1,YYDS
BV1i34112729,26.94200,1,25,0xFFFFFF,2021-9-28,e6654abb,中秋快乐
BV1i34112729,85.92900,1,25,0xFFFFFF,2021-9-24,e1d15c01,月亮姐姐
BV1i34112729,113.89900,1,25,0xFFFFFF,2021-9-24,9ed0e8c7,哈哈哈哈哈哈哈
BV1i34112729,3.07900,1,25,0xFFFFFF,2021-9-24,a063abe5,中秋节快乐
BV1i34112729,69.57600,1,25,0xFFFFFF,2021-9-23,3b9dd60a,中秋节快乐！
BV1i34112729,36.64000,1,25,0xFFFFFF,2021-9-23,78149fb2,中秋快乐
BV1i34112729,123.42200,1,25,0xFFFFFF,2021-9-23,46a35f66,少冰近乎去冰
BV1i34112729,77.43700,1,25,0xFFFFFF,2021-9-22,9ea170ee,中秋节快乐
BV1i34112729,40.72000,1,25,0xFFFFFF,2021-9-22,a49c540b,中秋快乐
BV1i34112729,77.93900,1,25,0xFFFFFF,2021-9-22,633bb165,中秋节快乐
BV1i34112729,50.71600,1,25,0xE70012,2021-9-22,9ec83c43,中秋节快乐
BV1i34112729,132.09900,1,25,0xFFFFFF,2021-9-22,5c7d9362,中秋节快乐！
BV1i34112729,44.03400,1,25,0xFFFFFF,2021-9-22,ad66b0f4,中秋节快乐
BV1i34112729,71.08600,1,25,0xFFFFFF,2021-9-22,6d72c2c8,中秋节快乐
BV1i34112729,26.37600,1,25,0xFFFFFF,2021-9-22,f785ec28,月亮姐姐！！
BV1i34112729,54.07800,1,25,0xFFFFFF,2021-9-22,7aded7f1,中秋节快乐
BV1i34112729,47.06000,1,25,0xFFFFFF,2021-9-22,dd202e59,中秋节快乐
BV1i34112729,3.29900,1,25,0xFFFFFF,2021-9-22,ec48570a,中秋节快乐
BV1i34112729,3.86800,1,25,0xFFFFFF,2021-9-22,d8419096,中秋节快乐
BV1i34112729,52.43400,1,25,0xFFFFFF,2021-9-22,b5d58e5c,中秋节快乐
BV1i34112729,65.80600,1,25,0xFFFFFF,2021-9-22,93b582c8,中秋节快乐
BV1i34112729,86.76100,1,25,0xFFFFFF,2021-9-22,acb3cd46,中秋快乐
BV1i34112729,101.07500,1,25,0xFFFFFF,2021-9-21,7d88fedd,中秋节快乐
BV1i34112729,23.41900,1,25,0xFFFFFF,2021-9-21,1800ec30,中秋节快乐
BV1i34112729,7.41900,1,25,0xFFFFFF,2021-9-21,4b10ba80,中秋节快乐
BV1i34112729,60.93900,1,25,0xFFFFFF,2021-9-21,f7fb6565,中秋节快乐
BV1i34112729,60.37600,1,25,0xFFFFFF,2021-9-21,eab2ede,中秋节快乐
BV1i34112729,55.15000,1,25,0xFFFFFF,2021-9-21,ca8e75f9,中秋节快乐
BV1i34112729,7.38200,1,25,0xFFFFFF,2021-9-21,fea72a53,中秋节快乐
BV1i34112729,74.86300,1,25,0xFFFFFF,2021-9-21,904eaba1,中秋节不快乐
BV1i34112729,31.73900,1,25,0xFFFFFF,2021-9-21,6998d254,中秋节快乐
BV1i34112729,90.21900,1,25,0xFFFFFF,2021-9-21,b92c08b,中秋节快乐
BV1i34112729,42.10700,1,25,0xFFFFFF,2021-9-21,c8845696,中秋节快乐
BV1i34112729,135.25900,1,25,0xFFFFFF,2021-9-21,f43b505e,中秋快乐
BV1i34112729,89.26600,1,25,0xFFFFFF,2021-9-21,14c2927a,中秋节快乐
BV1i34112729,59.99000,1,25,0xFFFFFF,2021-9-21,83cfaf5f,总数
BV1i34112729,30.10000,1,25,0xFFFFFF,2021-10-8,2be0b57c,中秋快乐
BV1i34112729,39.95100,1,25,0xFFFFFF,2021-10-7,6acf3a9f,中秋节快乐
BV1i34112729,65.68900,1,25,0xFFFFFF,2021-10-1,1e2e6797,awsl
BV1i34112729,26.74600,1,25,0xFFFFFF,2021-10-1,7fb6948,中秋节快乐
BV1i34112729,13.50500,1,25,0xFFFFFF,2021-9-24,c1e33360,中秋快乐
BV1i34112729,49.79900,1,25,0xFFFFFF,2021-9-24,ff0da08b,哈哈哈哈哈哈哈
BV1i34112729,38.65300,1,25,0xFFFFFF,2021-9-24,496175a9,哈哈哈哈哈哈哈哈哈哈哈哈
BV1i34112729,20.06700,1,25,0xFFFFFF,2021-9-24,9e77a149,中秋快乐
BV1i34112729,77.93700,1,25,0xFFFFFF,2021-9-24,688dcc89,哈哈哈哈哈哈哈哈哈哈哈
BV1i34112729,83.12600,1,25,0xFFFFFF,2021-9-24,ec97405e,月亮姐姐
BV1i34112729,35.97800,1,25,0xFFFFFF,2021-9-23,8e5c5b62,中秋节快乐~
BV1i34112729,100.82600,1,25,0xFFFFFF,2021-9-22,87b8cb68,月亮姐姐yyds
BV1i34112729,80.53900,1,25,0xFFFFFF,2021-9-22,3e8cd84f,中秋快乐
BV1i34112729,32.40700,1,25,0xFFFFFF,2021-9-22,5c62513f,中秋快乐
BV1i34112729,3.48800,1,25,0xFFFFFF,2021-9-22,848cfc22,中秋节快乐
BV1i34112729,6.81900,1,25,0xFFFFFF,2021-9-22,24d01dc,中秋节快乐
BV1i34112729,96.33900,1,25,0xFFFFFF,2021-9-22,e84d2661,中秋节快乐
BV1i34112729,63.83400,1,25,0xFFFFFF,2021-9-22,28d38606,中秋
BV1i34112729,91.54400,1,25,0xFFFFFF,2021-9-22,1dbdc8da,哈哈哈哈哈哈哈哈哈哈哈
BV1i34112729,49.71900,1,25,0xFFFFFF,2021-9-22,55b52669,中秋节快乐
BV1i34112729,27.22000,1,25,0xFFFFFF,2021-9-22,a1817074,中秋节快乐
BV1i34112729,45.15400,1,25,0xFFFFFF,2021-9-22,156dfe0,哈哈哈哈哈哈哈
BV1i34112729,29.84400,1,25,0xFFFFFF,2021-9-22,603aca19,中秋节快乐
BV1i34112729,28.29900,1,25,0xFFFFFF,2021-9-22,16039c2a,中秋节快乐
BV1i34112729,17.90000,1,25,0xFFFFFF,2021-9-21,4b485c4a,中秋节快乐
BV1i34112729,46.81900,1,25,0xFFFFFF,2021-9-21,167b6b75,中秋节快乐
BV1i34112729,4.61900,1,25,0xFFFFFF,2021-9-21,4faedf96,哇哦，冰！
BV1i34112729,115.42000,1,25,0xFFFFFF,2021-9-21,556459fb,冰冰呜呜呜
BV1i34112729,55.39400,1,25,0xFFFFFF,2021-9-21,32887ae3,中秋节快乐
BV1i34112729,40.53900,1,25,0xFFFFFF,2021-9-21,624ff1c9,中秋节快乐
BV1i34112729,40.93500,1,25,0xFFFFFF,2021-9-21,b5d58e5c,中秋节快乐
BV1i34112729,50.65300,1,25,0xFFFFFF,2021-9-21,6a502444,中秋节快乐
BV1i34112729,6.20300,1,25,0xFFFFFF,2021-9-21,4efebe65,中秋节快乐
BV1i34112729,50.26500,1,25,0xFFFFFF,2021-9-21,673d0104,中秋节快乐
BV1i34112729,135.86400,1,25,0xFFFFFF,2021-9-21,7954fd46,中秋节快乐！
BV1i34112729,41.00300,1,25,0xFFFFFF,2021-9-21,e0f91d96,中秋节快乐
BV1i34112729,24.79500,1,25,0xFFFFFF,2021-9-21,f861cc1b,中秋节快乐
BV1i34112729,20.39900,1,25,0xFFFFFF,2021-9-21,6235015d,中秋节快乐
BV1i34112729,32.21200,1,25,0xFFFFFF,2021-10-1,af82f9d3,中秋快乐
BV1i34112729,86.09200,1,25,0xFFFFFF,2021-9-30,a83a366a,中秋节快乐
BV1i34112729,40.92100,1,25,0xFFFFFF,2021-9-30,2cab3d67,啊啊啊，冰冰
BV1i34112729,34.36200,1,25,0xFFFFFF,2021-9-25,99046322,中秋快乐
BV1i34112729,26.51600,1,25,0xFFFFFF,2021-9-24,c19d84e1,月亮姐姐！
BV1i34112729,78.73900,1,25,0xFFFFFF,2021-9-24,d85c115f,月亮姐姐
BV1i34112729,8.85100,1,25,0xFFFFFF,2021-9-24,a504e645,中秋快乐
BV1i34112729,41.69900,1,25,0xFFFFFF,2021-9-24,2b71786f,啊啊啊啊啊啊冰冰
BV1i34112729,75.88700,1,25,0xFFFFFF,2021-9-22,19d23918,过年好
BV1i34112729,9.99900,1,25,0xFFFFFF,2021-9-22,cbf0a946,冰冰还记得我
BV1i34112729,51.06700,1,25,0xFFFFFF,2021-9-22,f5a39686,冰冰
BV1i34112729,4.81000,1,25,0xFFFFFF,2021-9-22,fcf859d2,中秋节快乐
BV1i34112729,53.89700,1,25,0xFFFFFF,2021-9-22,12bbfd71,哈哈哈哈哈哈哈
BV1i34112729,5.81900,1,25,0xFFFFFF,2021-9-22,ab723473,中秋节快乐
BV1i34112729,47.35000,1,25,0xE70012,2021-9-22,6f2260c2,妙啊
BV1i34112729,7.41900,1,25,0xFFFFFF,2021-9-22,98f0ee4e,中秋节快乐
BV1i34112729,37.05400,1,25,0xFFFFFF,2021-9-22,528bd8a5,冰冰！！！
BV1i34112729,24.06900,1,25,0xFFFFFF,2021-9-21,a6c3ba05,中秋节快乐
BV1i34112729,53.72300,1,25,0xFFFFFF,2021-9-21,92ce1a63,中秋节快乐
BV1i34112729,6.09900,1,25,0xFFFFFF,2021-9-21,4742017c,中秋节快乐
BV1i34112729,33.59900,1,25,0xFFFFFF,2021-9-21,c0390111,中秋节快乐！
BV1i34112729,45.89900,1,25,0xFFFFFF,2021-9-21,51f566a0,中秋
BV1i34112729,30.26500,1,25,0xFFFFFF,2021-9-21,4d126ff3,中秋节快乐
BV1i34112729,96.62300,1,25,0xFFFFFF,2021-9-21,6fdbf9d3,中秋快乐
BV1i34112729,7.14200,1,25,0xFFFFFF,2021-9-21,5f7196de,中秋节快乐
BV1i34112729,6.97900,1,25,0xFFFFFF,2021-9-21,6aa48e89,中秋节快乐
BV1i34112729,94.54500,1,25,0xFFFFFF,2021-9-21,1d2a05b4,中秋节快乐！
BV1i34112729,37.41500,1,25,0xFFFFFF,2021-9-21,a52306de,李师师了
BV1i34112729,37.32600,1,25,0xFFFFFF,2021-9-21,d8d52272,来了来了
BV1i34112729,51.79900,1,25,0xFFFFFF,2021-9-21,be301bdc,卡哇伊ฅฅ*
BV1i34112729,23.81900,1,25,0xFFFFFF,2021-9-21,6998d254,中秋节快乐
BV1i34112729,0.31700,1,25,0xFFFFFF,2021-9-21,7c7c3ed2,中秋节快乐
BV1i34112729,26.65900,1,25,0xFFFFFF,2021-9-21,7cc82dd0,中秋佳节
BV1i34112729,78.83000,1,25,0xFFFFFF,2021-9-21,6c3406ef,中秋节快乐
BV1i34112729,82.05000,1,25,0xE70012,2021-9-21,83cfaf5f,中秋节快乐
BV1i34112729,64.53000,1,25,0xE70012,2021-9-21,83cfaf5f,快乐
BV1i34112729,36.37900,1,25,0xFFFFFF,2021-10-5,842dd6ce,冰冰
BV1i34112729,19.01900,1,25,0xFFFFFF,2021-10-3,9800d867,中秋快乐
BV1i34112729,26.81100,1,25,0xFFFFFF,2021-10-2,98972df8,中秋节快乐
BV1i34112729,6.63300,1,25,0xFFFFFF,2021-9-23,402a0a20,明月几时有
BV1i34112729,84.44200,1,25,0xFFFFFF,2021-9-23,ae669d3e,中秋节快乐
BV1i34112729,7.71500,1,25,0xFFFFFF,2021-9-23,803c20ed,好家伙
BV1i34112729,11.99500,1,25,0xFFFFFF,2021-9-23,e2fe6f3,月亮姐姐我的童年
BV1i34112729,39.72100,1,25,0xFFFFFF,2021-9-22,97d19542,啊啊啊
BV1i34112729,38.76600,1,25,0xFFFFFF,2021-9-22,691ca51d,爱了爱了
BV1i34112729,11.19900,1,25,0xE70012,2021-9-22,5227c94b,中秋节快乐
BV1i34112729,91.68600,1,25,0xFFFFFF,2021-9-22,2e620856,冰
BV1i34112729,42.16100,1,25,0xFFFFFF,2021-9-22,75884d34,666
BV1i34112729,21.94000,1,25,0xFFFFFF,2021-9-22,f16f328e,中秋节快乐
BV1i34112729,33.74400,1,25,0xFFFFFF,2021-9-22,428e959d,中秋节快乐
BV1i34112729,22.73900,1,25,0xFFFFFF,2021-9-22,2719f88a,中秋节快乐
BV1i34112729,82.49900,1,25,0xFFFFFF,2021-9-22,7637e0e3,月亮姐姐
BV1i34112729,15.09900,1,25,0xFFFFFF,2021-9-22,339e0093,中秋节快乐!
BV1i34112729,27.01900,1,25,0xFFFFFF,2021-9-22,17a43663,中秋节快乐．
BV1i34112729,35.85200,1,25,0xFFFFFF,2021-9-22,89151ef0,中秋节快乐
BV1i34112729,10.13900,1,25,0xFFFFFF,2021-9-22,3a17b063,中秋节快乐
BV1i34112729,31.22100,1,25,0xFFFFFF,2021-9-22,9a7d6c87,中秋节快乐
BV1i34112729,16.18200,1,25,0xFFFFFF,2021-9-22,3ceb04bc,月亮姐姐
BV1i34112729,10.72600,1,25,0xFFFFFF,2021-9-22,33daccd0,中秋节快乐
BV1i34112729,28.29900,1,25,0xFFFFFF,2021-9-22,47f7d9eb,月亮姐姐
BV1i34112729,25.89900,1,25,0xFFFFFF,2021-9-21,1dc984c,中秋节快乐
BV1i34112729,8.76500,1,25,0xFFFFFF,2021-9-21,e83713e7,中秋节快乐
BV1i34112729,10.72900,1,25,0xFFFFFF,2021-9-21,91b0f1a3,中秋节快乐
BV1i34112729,20.41300,1,25,0xFFFFFF,2021-9-21,43786060,中秋节快乐
BV1i34112729,25.53900,1,25,0xFFFFFF,2021-9-21,aa964429,中秋节快乐
BV1i34112729,80.38300,1,25,0xFFFFFF,2021-9-21,904eaba1,中秋节不会乐
BV1i34112729,12.01900,1,25,0xFFFFFF,2021-9-21,5063bd75,中秋节快乐
BV1i34112729,14.21900,1,25,0xFFFFFF,2021-9-21,af22dfad,中秋节快乐
BV1i34112729,31.38700,1,25,0xFFFFFF,2021-9-21,695da151,中秋节快乐
BV1i34112729,32.55100,1,25,0xFFFFFF,2021-9-21,3bbf9b8d,中秋节快乐
BV1i34112729,98.99800,1,25,0xFFFFFF,2021-9-21,f0e0e27c,好听
BV1i34112729,29.65900,1,25,0xFFFFFF,2021-9-21,2f90505d,中秋节快乐
BV1i34112729,33.14600,1,25,0xFFFFFF,2021-9-21,de65b9ba,中秋节快乐
BV1i34112729,27.07500,1,25,0xFFFFFF,2021-9-21,4c5557b8,中秋节快乐
BV1i34112729,13.69900,1,25,0xFFFFFF,2021-9-21,67790940,中秋节快乐
BV1i34112729,10.69900,1,25,0xFFFFFF,2021-9-21,4ec09ca7,中秋节快乐
BV1i34112729,5.16800,1,25,0xFFFFFF,2021-9-21,23b9f44b,三连再看
BV1i34112729,34.62200,1,25,0xFFFFFF,2021-9-21,4b7469a1,中秋节快乐
BV1i34112729,33.23300,1,25,0xFFFFFF,2021-10-2,c509e471,啊啊啊，爷青回
BV1i34112729,0.87400,1,25,0xFFFFFF,2021-9-25,1b060af1,冰冰
BV1i34112729,84.49400,1,25,0xFFFFFF,2021-9-23,bf680c12,哈哈哈哈哈哈
BV1i34112729,11.63900,1,25,0xFFFFFF,2021-9-23,79963212,中秋快乐
BV1i34112729,33.16800,1,25,0xFFFFFF,2021-9-22,5f215b6a,中秋节快乐
BV1i34112729,8.23900,1,25,0xFFFFFF,2021-9-22,a49c540b,有生之年
BV1i34112729,39.96500,1,25,0xFFFFFF,2021-9-22,3f0a8eb2,中秋
BV1i34112729,12.65900,1,25,0xFFFFFF,2021-9-22,567d4aeb,中秋节快乐
BV1i34112729,21.55900,1,25,0xFFFFFF,2021-9-22,aa1dc0f9,中秋节快乐
BV1i34112729,8.13900,1,25,0xFFFFFF,2021-9-22,41cbd811,中秋节快乐
BV1i34112729,40.89900,1,25,0xFFFFFF,2021-9-22,5f6dceb1,好美
BV1i34112729,31.77900,1,25,0xFFFFFF,2021-9-22,5f6dceb1,中秋节快乐
BV1i34112729,16.10500,1,25,0xFFFFFF,2021-9-22,ca0e0f27,中秋节快乐
BV1i34112729,32.67500,1,25,0xFFFFFF,2021-9-22,c60093ef,哈哈哈哈
BV1i34112729,25.96400,1,25,0xFFFFFF,2021-9-22,e31267d4,中秋节快乐
BV1i34112729,12.61900,1,25,0xFFFFFF,2021-9-22,28875208,中秋节快乐
BV1i34112729,30.78700,1,25,0xFFFFFF,2021-9-22,302b7ec4,中秋节快乐
BV1i34112729,25.27800,1,25,0xFFFFFF,2021-9-22,5b6e59ae,中秋节快乐
BV1i34112729,26.53700,1,25,0xE70012,2021-9-22,e66303f7,中秋节快乐
BV1i34112729,30.35600,1,25,0xFFFFFF,2021-9-21,4107e6bd,中秋节快乐
BV1i34112729,82.17000,1,25,0xFFFFFF,2021-9-21,ac62224b,这不是嫦娥仙子吗
BV1i34112729,21.85900,1,25,0xFFFFFF,2021-9-21,c172878c,中秋节快乐
BV1i34112729,18.25900,1,25,0xFFFFFF,2021-9-21,13d64c56,中秋节快乐
BV1i34112729,21.80200,1,25,0xFFFFFF,2021-9-21,62bebd8a,中秋节快乐
BV1i34112729,24.83500,1,25,0xFFFFFF,2021-9-21,728add7a,中秋节快乐
BV1i34112729,23.18700,1,25,0xFFFFFF,2021-9-21,68dd5de3,中秋节快乐
BV1i34112729,12.71100,1,25,0xFFFFFF,2021-9-21,322ce951,冰我来了！！
BV1i34112729,11.39900,1,25,0xFFFFFF,2021-9-21,6276233d,中秋节快乐
BV1i34112729,17.79400,1,25,0xFFFFFF,2021-9-21,ccfa809d,中秋节快乐
BV1i34112729,30.36800,1,25,0xFFFFFF,2021-9-21,df014eaf,中秋节快乐
BV1i34112729,22.84500,1,25,0xFFFFFF,2021-9-21,6e5f58d8,中秋节快乐
BV1i34112729,23.78300,1,25,0xFFFFFF,2021-9-21,29e5f829,中秋节快乐
BV1i34112729,16.23900,1,25,0xFFFFFF,2021-9-21,1385f9dc,中秋节快乐
BV1i34112729,23.49800,1,25,0xFFFFFF,2021-9-21,757d7456,中秋节快乐
BV1i34112729,26.92000,1,25,0xFFFFFF,2021-9-21,db8ad01e,中秋节快乐
BV1i34112729,21.95900,1,25,0xFFFFFF,2021-9-21,8b30e7d,中秋节快乐
BV1i34112729,12.93900,1,25,0xFFFFFF,2021-10-6,b99e10ea,冰
BV1i34112729,9.79900,1,25,0xFFFFFF,2021-10-1,e545740d,好的，冰
BV1i34112729,15.91300,1,25,0xFFFFFF,2021-9-28,e0e0537f,爷青回
BV1i34112729,32.07500,1,25,0xFFFFFF,2021-9-24,2f60d330,真好看
BV1i34112729,12.89900,1,25,0xFFFFFF,2021-9-23,3d2a9955,来看看
BV1i34112729,25.43900,1,25,0xFFFFFF,2021-9-23,867b1501,月亮姐姐
BV1i34112729,22.15900,1,25,0xE70012,2021-9-22,954aa6a7,中秋节快乐
BV1i34112729,20.40000,1,25,0xFFFFFF,2021-9-22,74073f5,哎呀
BV1i34112729,34.82000,1,25,0xFFFFFF,2021-9-22,4a58f133,6666
BV1i34112729,18.27500,1,25,0xFFFFFF,2021-9-22,40274e0d,月亮哥哥
BV1i34112729,31.75900,1,25,0xFFFFFF,2021-9-22,49aa7694,中秋
BV1i34112729,26.87900,1,25,0xFFFFFF,2021-9-22,e92c048d,中秋节
BV1i34112729,11.65900,1,25,0xFFFFFF,2021-9-22,6a238691,冰冰
BV1i34112729,17.42700,1,25,0xFFFFFF,2021-9-22,528bd8a5,冰冰！
BV1i34112729,22.14300,1,25,0xFFFFFF,2021-9-22,e66303f7,中秋节快乐
BV1i34112729,19.94600,1,25,0xFFFFFF,2021-9-21,eb5f4d12,月亮姐姐
BV1i34112729,21.29900,1,25,0xFFFFFF,2021-9-21,64b2840d,love！！！！！！
BV1i34112729,28.77400,1,25,0xFFFFFF,2021-9-21,83b43fac,中秋
BV1i34112729,35.30500,1,25,0xFFFFFF,2021-9-21,f40dff01,冰冰！
BV1i34112729,35.63300,1,25,0xFFFFFF,2021-9-21,4aab5cbe,666
BV1i34112729,25.67300,1,25,0xFFFFFF,2021-9-21,95432515,中秋节快乐
BV1i34112729,25.85900,1,25,0xFFFFFF,2021-9-21,47929f0e,中秋节快乐
BV1i34112729,64.51500,4,25,0xE70012,2021-10-9,cf745106,好想夸但是夸不出来
BV1i34112729,41.27800,1,25,0xFFFFFF,2021-10-5,bbf4c788,冰冰跑调啦笨蛋
BV1i34112729,53.93900,1,25,0xFFFFFF,2021-10-4,78c24f1c,混音永远滴神
BV1i34112729,69.09500,1,25,0xFFFFFF,2021-10-1,530d3ce8,我的心都是冰冰的
BV1i34112729,56.50500,1,25,0xFFFFFF,2021-10-1,751a5977,？
BV1i34112729,19.41900,1,25,0xFFFFFF,2021-10-1,5237ae3b,月亮阿姨
BV1i34112729,98.66600,1,25,0xFFFFFF,2021-9-30,a83a366a,人有悲欢离合
BV1i34112729,17.77900,1,25,0xFFFFFF,2021-9-27,636c7126,卡通欢乐岛，快乐少不了！
BV1i34112729,94.13600,1,25,0xFFFFFF,2021-9-26,3bce1877,起鸡皮疙瘩了
BV1i34112729,68.93200,1,25,0xFFFFFF,2021-9-25,5da91434,中秋节快乐  虽然已经过去了两天 啊哈哈
BV1i34112729,2.10200,1,25,0xFFFFFF,2021-9-25,33566a0f,千里共冰冰
BV1i34112729,54.68800,1,25,0xFFFFFF,2021-9-25,33566a0f,千里共冰冰
BV1i34112729,57.81200,5,25,0xFFFFFF,2021-9-25,c4b7a195,单推了xdm
BV1i34112729,57.49200,1,25,0xFFFFFF,2021-9-25,40de4e02,全是感情
BV1i34112729,66.50800,1,25,0xFFFFFF,2021-9-24,70b65603,大头冰
BV1i34112729,133.27300,1,25,0xE70012,2021-9-24,9e68bba2,大头孩子
BV1i34112729,62.42500,1,25,0xFFFFFF,2021-9-24,32018931,我的心是冰冰的
BV1i34112729,36.83800,1,25,0xFFFFFF,2021-9-24,1497cea2,这绝对修音了吧
BV1i34112729,20.05900,1,25,0xFFFFFF,2021-9-24,b071db7,没人吗
BV1i34112729,20.05900,1,25,0xFFFFFF,2021-9-24,b071db7,没人吗
BV1i34112729,45.23000,5,25,0xE2027F,2021-9-24,5603d097,大头特效？
BV1i34112729,63.24300,1,25,0xFFFFFF,2021-9-24,e8e98f6,大头！
BV1i34112729,55.67200,1,25,0xFFFFFF,2021-9-23,a0cf8fe9,现在我的女神是王冰冰/doge
BV1i34112729,39.69000,1,25,0xFFFFFF,2021-9-23,a0cf8fe9,月亮姐姐已经不是我的女神了
BV1i34112729,13.05100,1,25,0xFFFFFF,2021-9-23,1b366a8b,？？？就这么点长？？？
BV1i34112729,68.50100,5,25,0xFFFF00,2021-9-23,1725eaa2,啊，是胖头鱼公主
BV1i34112729,73.15100,1,25,0xFFFFFF,2021-9-23,b7d22b5e,我记得是yi户啊
BV1i34112729,62.61100,1,25,0xFFFFFF,2021-9-23,ad9934c9,头好大
BV1i34112729,93.88100,1,25,0xFFFFFF,2021-9-23,c29c82bb,冰冰唱的很少，下次请不要唱了。
BV1i34112729,35.45900,1,25,0xFFFFFF,2021-9-23,86677085,我的心都是冰冰的
BV1i34112729,25.01900,1,25,0xFFFFFF,2021-9-23,6bb9fab7,我的心是冰冰的
BV1i34112729,47.21900,1,25,0xFFFFFF,2021-9-23,dbab84d9,(⊙o⊙)哇，我想捏下脸
BV1i34112729,39.03500,1,25,0xFFFFFF,2021-9-23,e2fe6f3,调音师累趴了
BV1i34112729,18.21900,1,25,0xFFFFFF,2021-9-23,f500a7e,中秋快乐 月圆人团圆
BV1i34112729,11.03200,1,25,0xFFFFFF,2021-9-23,abc0df85,冰冰~！冰冰~！冰冰~！
BV1i34112729,60.99000,1,25,0xFFFFFF,2021-9-23,559eac48,大头实锤
BV1i34112729,51.94600,1,25,0xFFFFFF,2021-9-23,adaef6d3,？？？？你说是谁
BV1i34112729,122.21700,1,25,0xFFFFFF,2021-9-22,6f3ef843,没有对比…
BV1i34112729,53.69100,1,25,0xFFFFFF,2021-9-22,e87dc255,Q版还没原版Q
BV1i34112729,43.11100,1,25,0xFFFFFF,2021-9-22,ec55ad0d,不是又恐吗?（不懂就问）
BV1i34112729,7.51900,1,25,0xFFFFFF,2021-9-22,da2694bf,想吃冰冰味的月饼
BV1i34112729,74.47300,1,25,0xFFFFFF,2021-9-22,ddc0f28b,起高了哈哈哈
BV1i34112729,66.31700,1,25,0xFFFFFF,2021-9-22,177fe19,发音对了诶
BV1i34112729,58.36000,1,25,0xFFFFFF,2021-9-22,66921852,头身比还原度极高
BV1i34112729,42.22500,1,25,0xFFFFFF,2021-9-22,41b83808,大头鱼
BV1i34112729,51.43900,1,25,0xE70012,2021-9-22,a8a37fd1,大头娃娃
BV1i34112729,30.84800,1,25,0xFFFFFF,2021-9-22,90eb53e7,花好月圆
BV1i34112729,6.63900,1,25,0xFFFFFF,2021-9-22,b27dc6c9,来了
BV1i34112729,37.25300,1,25,0xFFFFFF,2021-9-22,ec72abd3,我 ~ 擦 ~
BV1i34112729,47.52600,1,25,0xFEF102,2021-9-22,5abf5ec6,好的很好听 下次不许唱了
BV1i34112729,70.79600,1,25,0xFFFFFF,2021-9-22,7f23629b,这要不是王冰冰唱的，我早溜了
BV1i34112729,35.86000,1,25,0xFFFFFF,2021-9-22,7f23629b,没忍住，对不起。哈哈哈:-D
BV1i34112729,73.13900,1,25,0xFFFFFF,2021-9-22,626d018,就是qi
BV1i34112729,24.55300,1,25,0xFFFFFF,2021-9-22,a54b9c7e,百亿调音
BV1i34112729,34.14700,1,25,0xFFFFFF,2021-9-22,3320b7f8,冰冰(∗❛ั∀❛ั∗)✧*。
BV1i34112729,131.91200,1,25,0xFFFFFF,2021-9-22,183a3485,冰冰你倒是变回来呀
BV1i34112729,44.91900,1,25,0xFFFFFF,2021-9-22,7bfaaca9,冰冰今天长的好像月饼
BV1i34112729,36.41900,1,25,0xFFFFFF,2021-9-22,49aa7694,mid Autumn
BV1i34112729,2.77900,1,25,0xFFFFFF,2021-9-22,b2b82b79,胖头鱼公主冰冰
BV1i34112729,5.49900,1,25,0xFFFFFF,2021-9-22,986ed909,这么短
BV1i34112729,86.08100,1,25,0xFFFFFF,2021-9-22,d724fa47,歌词谁写的，真好
BV1i34112729,111.01900,1,25,0xFFFFFF,2021-9-22,60b623e5,卡通娃娃头也太大了吧！！
BV1i34112729,140.04000,1,25,0xFFFFFF,2021-9-22,661ee1be,大头
BV1i34112729,3.69900,1,25,0xFFFFFF,2021-9-22,1083c2c,我的心是冰冰的
BV1i34112729,37.27900,1,25,0xFFFFFF,2021-9-22,81ae3d52,我的心是冰冰的。
BV1i34112729,83.34400,1,25,0xFFFFFF,2021-9-22,4e9ad9cb,呜呜从小就喜欢听月亮姐姐唱歌，她好像嫦娥一样美呜呜呜呜呜
BV1i34112729,57.89900,1,25,0xFFFFFF,2021-9-22,feea4e99,调音师想撂挑子的一天
BV1i34112729,61.35100,1,25,0xFFFFFF,2021-9-22,b4c77f52,依然头大
BV1i34112729,53.87600,1,25,0xFFFFFF,2021-9-22,52cb06bb,中秋节快乐
BV1i34112729,26.10200,1,25,0xFFFFFF,2021-9-22,e6246f3,但愿人长久 千里共婵娟
BV1i34112729,33.48700,1,25,0xFFFFFF,2021-9-22,d88e2f49,月亮阿姨
BV1i34112729,53.69900,1,25,0xFFFFFF,2021-9-22,cfb2b05f,这个特效好中老年人
BV1i34112729,50.13900,1,25,0xFFFFFF,2021-9-22,17a43663,姐姐中秋节快乐乐
BV1i34112729,87.31600,1,25,0xFFFFFF,2021-9-22,c7ffc99b,快进
BV1i34112729,93.55900,5,25,0xE70012,2021-9-22,213dbc0,公屏们，把兄弟打在爷青回上
BV1i34112729,36.93900,1,25,0xFFFFFF,2021-9-22,69a64a,大头月亮
BV1i34112729,60.25300,1,25,0xFFFFFF,2021-9-22,26cf0b85,这大脸盘子
BV1i34112729,66.97900,1,25,0xE70012,2021-9-22,8340805c,等比例还原
BV1i34112729,60.17900,1,25,0xFFFFFF,2021-9-22,e6ac791b,冰冰你又开大头特效
BV1i34112729,132.39300,1,25,0xFFFFFF,2021-9-22,5b5cb6f8,作揖要左压右，月亮姐姐你作反了
BV1i34112729,109.11800,1,25,0xFFFFFF,2021-9-22,aef859fc,这是没脸见人了吗冰冰
BV1i34112729,20.33800,1,25,0xFFFFFF,2021-9-22,ef334f1d,中秋放假
BV1i34112729,31.35700,1,25,0xFFFFFF,2021-9-22,2a1d6822,yyds
BV1i34112729,76.13900,1,25,0xFFFFFF,2021-9-22,b7f71f71,冰冰原来不会 唱歌
BV1i34112729,18.61900,1,25,0xFFFFFF,2021-9-21,3d05c563,唱的好啊，月亮姐姐
BV1i34112729,125.14300,5,25,0x009843,2021-9-21,c4ba6049,末将绿泡泡
BV1i34112729,51.10800,1,25,0xFFFFFF,2021-9-21,9032f2e5,亿万调音师
BV1i34112729,24.09500,1,25,0xFFFFFF,2021-9-21,5f12edfb,中秋节快乐
BV1i34112729,14.19200,1,25,0xFFFFFF,2021-9-21,d774683a,中秋节快乐
BV1i34112729,3.38800,5,25,0x009843,2021-9-21,6a2eca4c,卡通欢乐岛，快乐少不了！！！
BV1i34112729,3.38800,5,25,0xE70012,2021-9-21,6a2eca4c,卡通欢乐岛，快乐少不了！！！
BV1i34112729,31.22900,1,25,0xFFFFFF,2021-9-21,35550a57,中秋节快乐
BV1i34112729,49.86500,1,25,0xFFFFFF,2021-9-21,4d126ff3,抱走Q版冰冰
BV1i34112729,85.17900,1,25,0xE2027F,2021-9-21,7d8629df,中秋快乐 阖家欢乐
BV1i34112729,9.49000,1,25,0xFFFFFF,2021-9-21,3d5f416b,吃冰冰月饼
BV1i34112729,3.41900,5,25,0x00A0EA,2021-9-21,72894c81,中秋节快乐
BV1i34112729,47.98100,1,25,0xFFFFFF,2021-9-21,c7d3fc73,冰冰冰冰冰
BV1i34112729,115.15100,1,25,0xFFFFFF,2021-9-21,dec8d6e0,冰兔兔
BV1i34112729,34.09900,1,25,0xFFFFFF,2021-9-21,c8bb26cd,冰冰啊！冰冰
BV1i34112729,87.02300,1,25,0xFFFFFF,2021-9-21,904eaba1,中秋节想让我快乐
BV1i34112729,4.77900,5,25,0xE70012,2021-9-21,edfc3343,冰皮??????????
BV1i34112729,1.22300,1,25,0xFFFFFF,2021-9-21,dc4a2336,看见标题已经开始笑了
BV1i34112729,77.37400,1,25,0xFFFFFF,2021-9-21,febc52ae,QQ小冰哈哈哈
BV1i34112729,73.53200,1,25,0xFFFFFF,2021-9-21,ca38e417,qi读法才是对的，说yi的不要误导别人
BV1i34112729,26.68300,1,25,0xE70012,2021-9-21,d07a6770,我的心还是冰冰的
BV1i34112729,0.17900,1,25,0xFFFFFF,2021-9-21,b7021edf,冰冰冰冰皮月饼
BV1i34112729,41.26000,1,25,0xFFFFFF,2021-9-21,1801528a,这一听就知道，不是假唱。。。
BV1i34112729,2.87800,1,25,0xFFFFFF,2021-9-21,f9120a5a,11小时，凉了
BV1i34112729,73.36200,1,25,0xFFFFFF,2021-9-21,71573e81,猪猪侠
BV1i34112729,61.20000,1,25,0xFFFFFF,2021-9-21,56f8f872,会唱歌吗？冰冰
BV1i34112729,32.73700,1,25,0xFFFFFF,2021-9-21,b3240c15,中秋节快乐
BV1i34112729,109.61600,1,25,0xFFFFFF,2021-9-21,35749037,修音师：冰冰，我真的尽力了
BV1i34112729,85.53000,4,25,0xE2027F,2021-9-21,83cfaf5f,中秋节快乐
BV1i34112729,97.61400,1,25,0xFFFFFF,2021-10-9,8e8e668c,调音师受累了
BV1i34112729,34.61900,1,25,0xFFFFFF,2021-10-2,f63f8279,月亮姐姐！！！！！！！！！！！！！
BV1i34112729,60.99900,1,25,0xFFFFFF,2021-9-24,47dc4c5b,来个西施慧不是更好么
BV1i34112729,120.50500,1,25,0xFFFFFF,2021-9-23,ec7ee54c,哈哈哈哈哈哈哈哈哈哈哈哈哈哈哈哈哈哈哈哈哈哈哈哈哈
BV1i34112729,52.94900,1,25,0xFFFFFF,2021-9-23,4d2670e1,修音师辛苦了
BV1i34112729,46.92800,5,25,0xFE0302,2021-9-22,8bf6f69c,美女 我喜欢你
BV1i34112729,6.37900,1,25,0xFFFFFF,2021-9-21,56bbe79,冰冰冰冰冰冰冰冰冰冰冰冰冰冰冰冰
BV1i34112729,47.43900,1,25,0xFFFFFF,2021-9-21,93b0f84,哈哈哈哈哈哈哈哈哈哈哈哈哈哈哈哈
